{"count":1,"self":2294.7178495999997,"total":8224.7739589,"children":{"InitializeActuators":{"count":6,"self":0.001001,"total":0.001001,"children":null},"InitializeSensors":{"count":6,"self":0.0020020999999999997,"total":0.0020020999999999997,"children":null},"AgentSendState":{"count":2671217,"self":57.4281856,"total":322.2331403,"children":{"CollectObservations":{"count":3205464,"self":89.721644799999993,"total":89.721642899999992,"children":null},"WriteActionMask":{"count":3205464,"self":8.7698576,"total":8.7698578,"children":null},"RequestDecision":{"count":3205464,"self":38.822646399999996,"total":166.31345199999998,"children":{"AgentInfo.ToProto":{"count":3205464,"self":27.7525984,"total":127.490805,"children":{"GenerateSensorData":{"count":3205464,"self":99.738208,"total":99.7382063,"children":null}}}}}}},"DecideAction":{"count":2671217,"self":5443.5553279999995,"total":5443.5554575999995,"children":null},"AgentAct":{"count":2671217,"self":163.9008,"total":164.2634679,"children":{"AgentInfo.ToProto":{"count":8010,"self":0.08760119999999999,"total":0.3626678,"children":{"GenerateSensorData":{"count":8010,"self":0.2750666,"total":0.2750666,"children":null}}}}}},"gauges":{"Roll Over and Stand Up.CumulativeReward":{"count":8010,"max":5037.766,"min":-743.2438,"runningAverage":1613.19019,"value":1274.71338,"weightedAverage":1282.89636}},"metadata":{"timer_format_version":"0.1.0","start_time_seconds":"1661224091","unity_version":"2021.3.7f1","command_line_arguments":"C:\\Program Files\\Unity\\Hub\\Editor\\2021.3.7f1\\Editor\\Unity.exe -projectpath C:\\Users\\aggra\\Documents\\GitHub\\DogML -useHub -hubIPC -cloudEnvironment production -licensingIpc LicenseClient-54syu6RoEOuw7w06ggVmP -hubSessionId 9dcc7b90-222d-11ed-b98f-a99941389fbb -accessToken CQfICaU_Ytj69vCHeIPqgVio85feCH8M1EI5D5cFqAY003f","communication_protocol_version":"1.5.0","com.unity.ml-agents_version":"2.0.1","scene_name":"SampleScene","end_time_seconds":"1661232316"}}