{"count":1,"self":346.03604479999996,"total":1340.9724196,"children":{"InitializeActuators":{"count":6,"self":0.0010011,"total":0.0010011,"children":null},"InitializeSensors":{"count":6,"self":0.0030026,"total":0.0030026,"children":null},"AgentSendState":{"count":496001,"self":9.5201152,"total":53.9735503,"children":{"CollectObservations":{"count":595206,"self":14.855711999999999,"total":14.855712599999999,"children":null},"WriteActionMask":{"count":595206,"self":1.5953241,"total":1.5953241,"children":null},"RequestDecision":{"count":595206,"self":6.5592472,"total":28.002398,"children":{"AgentInfo.ToProto":{"count":595206,"self":4.6833871999999994,"total":21.4431506,"children":{"GenerateSensorData":{"count":595206,"self":16.7597632,"total":16.7597632,"children":null}}}}}}},"DecideAction":{"count":496001,"self":915.36609279999993,"total":915.3661006,"children":null},"AgentAct":{"count":496001,"self":25.5326544,"total":25.5927084,"children":{"AgentInfo.ToProto":{"count":1488,"self":0.013010599999999999,"total":0.0600536,"children":{"GenerateSensorData":{"count":1488,"self":0.047042999999999995,"total":0.047042999999999995,"children":null}}}}}},"gauges":{"Roll Over and Stand Up.CumulativeReward":{"count":1488,"max":1355.42517,"min":-623.096558,"runningAverage":876.1642,"value":225.853134,"weightedAverage":625.500366}},"metadata":{"timer_format_version":"0.1.0","start_time_seconds":"1661273596","unity_version":"2021.3.7f1","command_line_arguments":"C:\\Program Files\\Unity\\Hub\\Editor\\2021.3.7f1\\Editor\\Unity.exe -projectpath C:\\Users\\aggra\\Documents\\GitHub\\DogML -useHub -hubIPC -cloudEnvironment production -licensingIpc LicenseClient-54syu6RoEOuw7w06ggVmP -hubSessionId 9dcc7b90-222d-11ed-b98f-a99941389fbb -accessToken I_kA2GLdd0wgk1X4Fbjpj0uuWsiLQhuZV0j4jqQwtPE003f","communication_protocol_version":"1.5.0","com.unity.ml-agents_version":"2.0.1","scene_name":"SampleScene","end_time_seconds":"1661274937"}}